<?xml version="1.0" encoding="utf-8"?>
<extension type="component" method="upgrade">
	<name>com_content</name>
	<author>Joomla! Project</author>
	<creationDate>2006-04</creationDate>
	<copyright>(C) 2006 Open Source Matters, Inc.</copyright>
	<license>GNU General Public License version 2 or later; see LICENSE.txt</license>
	<authorEmail>admin@joomla.org</authorEmail>
	<authorUrl>www.joomla.org</authorUrl>
	<version>4.0.0</version>
	<description>COM_CONTENT_XML_DESCRIPTION</description>
	<namespace path="src">Joomla\Component\Content</namespace>
	<files folder="site">
		<folder>forms</folder>
		<folder>helpers</folder>
		<folder>src</folder>
		<folder>tmpl</folder>
	</files>
	<languages folder="site">
		<language tag="en-GB">language/en-GB/com_content.ini</language>
	</languages>
	<media destination="com_content" folder="media">
		<folder>js</folder>
	</media>
	<administration>
		<files folder="admin">
			<filename>access.xml</filename>
			<filename>config.xml</filename>
			<filename>content.xml</filename>
			<folder>forms</folder>
			<folder>helpers</folder>
			<folder>services</folder>
			<folder>src</folder>
			<folder>tmpl</folder>
		</files>
		<languages folder="admin">
			<language tag="en-GB">language/en-GB/com_content.ini</language>
			<language tag="en-GB">language/en-GB/com_content.sys.ini</language>
		</languages>
	</administration>
	<dashboards>
		<dashboard title="COM_CONTENT_DASHBOARD_TITLE" icon="icon-file-alt">content</dashboard>
	</dashboards>
</extension>
